comparator,comparison_error,comparison_logs,database,dialects,generated_error,generated_sql,id,job_id,score
exact_match,,,db_blog,['sqlite'],,"SELECT T1.user_id, COUNT(T2.follower_id) FROM tbl_users AS T1 LEFT JOIN tbl_followers AS T2 ON T1.user_id = T2.following_id GROUP BY T1.user_id",16,07d3798a-d3a9-4020-a206-8711d7c22e6a,0.0
set_match,,,db_blog,['sqlite'],,"SELECT T1.user_id, COUNT(T2.follower_id) FROM tbl_users AS T1 LEFT JOIN tbl_followers AS T2 ON T1.user_id = T2.following_id GROUP BY T1.user_id",16,07d3798a-d3a9-4020-a206-8711d7c22e6a,100.0
llmrater,,Skipped. Exact Match was found.,db_blog,['sqlite'],,"SELECT T1.user_id, COUNT(T2.follower_id) FROM tbl_users AS T1 LEFT JOIN tbl_followers AS T2 ON T1.user_id = T2.following_id GROUP BY T1.user_id",16,07d3798a-d3a9-4020-a206-8711d7c22e6a,100.0
returned_sql,,,db_blog,['sqlite'],,"SELECT T1.user_id, COUNT(T2.follower_id) FROM tbl_users AS T1 LEFT JOIN tbl_followers AS T2 ON T1.user_id = T2.following_id GROUP BY T1.user_id",16,07d3798a-d3a9-4020-a206-8711d7c22e6a,100.0
executable_sql,,Generated query was executable.,db_blog,['sqlite'],,"SELECT T1.user_id, COUNT(T2.follower_id) FROM tbl_users AS T1 LEFT JOIN tbl_followers AS T2 ON T1.user_id = T2.following_id GROUP BY T1.user_id",16,07d3798a-d3a9-4020-a206-8711d7c22e6a,100.0
exact_match,,,db_blog,['sqlite'],,"SELECT
T2.""name"",
CAST(COUNT(T1.""post_id"") AS REAL) / COUNT(DISTINCT SUBSTR(T1.""created_at"", 1, 10))
FROM tbl_posts AS T1
INNER JOIN tbl_categories AS T2
ON T1.""category_id"" = T2.""category_id""
GROUP BY
T2.""name"";",23,07d3798a-d3a9-4020-a206-8711d7c22e6a,0.0
set_match,,,db_blog,['sqlite'],,"SELECT
T2.""name"",
CAST(COUNT(T1.""post_id"") AS REAL) / COUNT(DISTINCT SUBSTR(T1.""created_at"", 1, 10))
FROM tbl_posts AS T1
INNER JOIN tbl_categories AS T2
ON T1.""category_id"" = T2.""category_id""
GROUP BY
T2.""name"";",23,07d3798a-d3a9-4020-a206-8711d7c22e6a,0.0
exact_match,,,db_blog,['sqlite'],,"SELECT ""report_reason"", CAST(AVG(strftime('%s', ""resolution_timestamp"") - strftime('%s', ""report_timestamp"")) AS REAL) / 60 FROM ""tbl_reports"" WHERE ""is_resolved"" = 1 GROUP BY ""report_reason"" ORDER BY COUNT(*) DESC LIMIT 1",19,07d3798a-d3a9-4020-a206-8711d7c22e6a,0.0
set_match,,,db_blog,['sqlite'],,"SELECT ""report_reason"", CAST(AVG(strftime('%s', ""resolution_timestamp"") - strftime('%s', ""report_timestamp"")) AS REAL) / 60 FROM ""tbl_reports"" WHERE ""is_resolved"" = 1 GROUP BY ""report_reason"" ORDER BY COUNT(*) DESC LIMIT 1",19,07d3798a-d3a9-4020-a206-8711d7c22e6a,0.0
exact_match,,,db_blog,['sqlite'],,"SELECT T1.user_id, T1.username, T2.url FROM tbl_users AS T1 INNER JOIN tbl_media AS T2 ON T1.user_id = T2.uploader_id INNER JOIN (SELECT uploader_id, MAX(upload_date) AS max_date FROM tbl_media GROUP BY uploader_id) AS T3 ON T2.uploader_id = T3.uploader_id AND T2.upload_date = T3.max_date",156,07d3798a-d3a9-4020-a206-8711d7c22e6a,0.0
set_match,,,db_blog,['sqlite'],,"SELECT T1.user_id, T1.username, T2.url FROM tbl_users AS T1 INNER JOIN tbl_media AS T2 ON T1.user_id = T2.uploader_id INNER JOIN (SELECT uploader_id, MAX(upload_date) AS max_date FROM tbl_media GROUP BY uploader_id) AS T3 ON T2.uploader_id = T3.uploader_id AND T2.upload_date = T3.max_date",156,07d3798a-d3a9-4020-a206-8711d7c22e6a,100.0
llmrater,,Skipped. Exact Match was found.,db_blog,['sqlite'],,"SELECT T1.user_id, T1.username, T2.url FROM tbl_users AS T1 INNER JOIN tbl_media AS T2 ON T1.user_id = T2.uploader_id INNER JOIN (SELECT uploader_id, MAX(upload_date) AS max_date FROM tbl_media GROUP BY uploader_id) AS T3 ON T2.uploader_id = T3.uploader_id AND T2.upload_date = T3.max_date",156,07d3798a-d3a9-4020-a206-8711d7c22e6a,100.0
returned_sql,,,db_blog,['sqlite'],,"SELECT T1.user_id, T1.username, T2.url FROM tbl_users AS T1 INNER JOIN tbl_media AS T2 ON T1.user_id = T2.uploader_id INNER JOIN (SELECT uploader_id, MAX(upload_date) AS max_date FROM tbl_media GROUP BY uploader_id) AS T3 ON T2.uploader_id = T3.uploader_id AND T2.upload_date = T3.max_date",156,07d3798a-d3a9-4020-a206-8711d7c22e6a,100.0
executable_sql,,Generated query was executable.,db_blog,['sqlite'],,"SELECT T1.user_id, T1.username, T2.url FROM tbl_users AS T1 INNER JOIN tbl_media AS T2 ON T1.user_id = T2.uploader_id INNER JOIN (SELECT uploader_id, MAX(upload_date) AS max_date FROM tbl_media GROUP BY uploader_id) AS T3 ON T2.uploader_id = T3.uploader_id AND T2.upload_date = T3.max_date",156,07d3798a-d3a9-4020-a206-8711d7c22e6a,100.0
exact_match,,,db_blog,['sqlite'],,"SELECT ""user_id"", ""post_id"", COUNT(""comment_id"") FROM ""tbl_comments"" GROUP BY ""user_id"", ""post_id""",5,07d3798a-d3a9-4020-a206-8711d7c22e6a,0.0
set_match,,,db_blog,['sqlite'],,"SELECT ""user_id"", ""post_id"", COUNT(""comment_id"") FROM ""tbl_comments"" GROUP BY ""user_id"", ""post_id""",5,07d3798a-d3a9-4020-a206-8711d7c22e6a,0.0
exact_match,,,db_blog,['sqlite'],,"SELECT COUNT(*), SUM(CASE WHEN T1.activity_status = 'success' THEN 1 ELSE 0 END), CAST(SUM(CASE WHEN T1.activity_status = 'success' THEN 1 ELSE 0 END) AS REAL) * 100 / COUNT(*) FROM tbl_user_activity AS T1 WHERE T1.activity_type = 'login'",99,07d3798a-d3a9-4020-a206-8711d7c22e6a,0.0
set_match,,,db_blog,['sqlite'],,"SELECT COUNT(*), SUM(CASE WHEN T1.activity_status = 'success' THEN 1 ELSE 0 END), CAST(SUM(CASE WHEN T1.activity_status = 'success' THEN 1 ELSE 0 END) AS REAL) * 100 / COUNT(*) FROM tbl_user_activity AS T1 WHERE T1.activity_type = 'login'",99,07d3798a-d3a9-4020-a206-8711d7c22e6a,100.0
llmrater,,Skipped. Exact Match was found.,db_blog,['sqlite'],,"SELECT COUNT(*), SUM(CASE WHEN T1.activity_status = 'success' THEN 1 ELSE 0 END), CAST(SUM(CASE WHEN T1.activity_status = 'success' THEN 1 ELSE 0 END) AS REAL) * 100 / COUNT(*) FROM tbl_user_activity AS T1 WHERE T1.activity_type = 'login'",99,07d3798a-d3a9-4020-a206-8711d7c22e6a,100.0
returned_sql,,,db_blog,['sqlite'],,"SELECT COUNT(*), SUM(CASE WHEN T1.activity_status = 'success' THEN 1 ELSE 0 END), CAST(SUM(CASE WHEN T1.activity_status = 'success' THEN 1 ELSE 0 END) AS REAL) * 100 / COUNT(*) FROM tbl_user_activity AS T1 WHERE T1.activity_type = 'login'",99,07d3798a-d3a9-4020-a206-8711d7c22e6a,100.0
executable_sql,,Generated query was executable.,db_blog,['sqlite'],,"SELECT COUNT(*), SUM(CASE WHEN T1.activity_status = 'success' THEN 1 ELSE 0 END), CAST(SUM(CASE WHEN T1.activity_status = 'success' THEN 1 ELSE 0 END) AS REAL) * 100 / COUNT(*) FROM tbl_user_activity AS T1 WHERE T1.activity_type = 'login'",99,07d3798a-d3a9-4020-a206-8711d7c22e6a,100.0
exact_match,,,db_blog,['sqlite'],,"SELECT
T1.title
FROM tbl_posts AS T1
INNER JOIN tbl_posts_tags AS T2
ON T1.post_id = T2.post_id
INNER JOIN tbl_tags AS T3
ON T2.tag_id = T3.tag_id
WHERE
T3.name IN ('programming', 'database')
GROUP BY
T1.post_id
HAVING
COUNT(T3.tag_id) = 2;",180,07d3798a-d3a9-4020-a206-8711d7c22e6a,0.0
set_match,,,db_blog,['sqlite'],,"SELECT
T1.title
FROM tbl_posts AS T1
INNER JOIN tbl_posts_tags AS T2
ON T1.post_id = T2.post_id
INNER JOIN tbl_tags AS T3
ON T2.tag_id = T3.tag_id
WHERE
T3.name IN ('programming', 'database')
GROUP BY
T1.post_id
HAVING
COUNT(T3.tag_id) = 2;",180,07d3798a-d3a9-4020-a206-8711d7c22e6a,0.0
exact_match,,,db_blog,['sqlite'],,"SELECT COUNT(DISTINCT T1.user_id) FROM tbl_users AS T1 INNER JOIN tbl_posts AS T2 ON T1.user_id = T2.user_id WHERE T1.social_media_links LIKE '%twitter%' AND STRFTIME('%Y', T2.published_at) = '2024'",3,07d3798a-d3a9-4020-a206-8711d7c22e6a,0.0
set_match,,,db_blog,['sqlite'],,"SELECT COUNT(DISTINCT T1.user_id) FROM tbl_users AS T1 INNER JOIN tbl_posts AS T2 ON T1.user_id = T2.user_id WHERE T1.social_media_links LIKE '%twitter%' AND STRFTIME('%Y', T2.published_at) = '2024'",3,07d3798a-d3a9-4020-a206-8711d7c22e6a,100.0
llmrater,,Skipped. Exact Match was found.,db_blog,['sqlite'],,"SELECT COUNT(DISTINCT T1.user_id) FROM tbl_users AS T1 INNER JOIN tbl_posts AS T2 ON T1.user_id = T2.user_id WHERE T1.social_media_links LIKE '%twitter%' AND STRFTIME('%Y', T2.published_at) = '2024'",3,07d3798a-d3a9-4020-a206-8711d7c22e6a,100.0
returned_sql,,,db_blog,['sqlite'],,"SELECT COUNT(DISTINCT T1.user_id) FROM tbl_users AS T1 INNER JOIN tbl_posts AS T2 ON T1.user_id = T2.user_id WHERE T1.social_media_links LIKE '%twitter%' AND STRFTIME('%Y', T2.published_at) = '2024'",3,07d3798a-d3a9-4020-a206-8711d7c22e6a,100.0
executable_sql,,Generated query was executable.,db_blog,['sqlite'],,"SELECT COUNT(DISTINCT T1.user_id) FROM tbl_users AS T1 INNER JOIN tbl_posts AS T2 ON T1.user_id = T2.user_id WHERE T1.social_media_links LIKE '%twitter%' AND STRFTIME('%Y', T2.published_at) = '2024'",3,07d3798a-d3a9-4020-a206-8711d7c22e6a,100.0
exact_match,,,db_blog,['sqlite'],,"SELECT STRFTIME('%H', ""activity_timestamp"") FROM ""tbl_user_activity"" GROUP BY STRFTIME('%H', ""activity_timestamp"") ORDER BY COUNT(*) DESC LIMIT 1",100,07d3798a-d3a9-4020-a206-8711d7c22e6a,0.0
set_match,,,db_blog,['sqlite'],,"SELECT STRFTIME('%H', ""activity_timestamp"") FROM ""tbl_user_activity"" GROUP BY STRFTIME('%H', ""activity_timestamp"") ORDER BY COUNT(*) DESC LIMIT 1",100,07d3798a-d3a9-4020-a206-8711d7c22e6a,0.0
exact_match,,,db_blog,['sqlite'],,"SELECT
T1.post_id,
T1.likes_count
FROM tbl_posts AS T1
INNER JOIN tbl_categories AS T2
ON T1.category_id = T2.category_id
WHERE
T1.user_id = T2.created_by
ORDER BY
T1.likes_count DESC
LIMIT 5;",13,07d3798a-d3a9-4020-a206-8711d7c22e6a,0.0
set_match,,,db_blog,['sqlite'],,"SELECT
T1.post_id,
T1.likes_count
FROM tbl_posts AS T1
INNER JOIN tbl_categories AS T2
ON T1.category_id = T2.category_id
WHERE
T1.user_id = T2.created_by
ORDER BY
T1.likes_count DESC
LIMIT 5;",13,07d3798a-d3a9-4020-a206-8711d7c22e6a,100.0
llmrater,,Skipped. Exact Match was found.,db_blog,['sqlite'],,"SELECT
T1.post_id,
T1.likes_count
FROM tbl_posts AS T1
INNER JOIN tbl_categories AS T2
ON T1.category_id = T2.category_id
WHERE
T1.user_id = T2.created_by
ORDER BY
T1.likes_count DESC
LIMIT 5;",13,07d3798a-d3a9-4020-a206-8711d7c22e6a,100.0
returned_sql,,,db_blog,['sqlite'],,"SELECT
T1.post_id,
T1.likes_count
FROM tbl_posts AS T1
INNER JOIN tbl_categories AS T2
ON T1.category_id = T2.category_id
WHERE
T1.user_id = T2.created_by
ORDER BY
T1.likes_count DESC
LIMIT 5;",13,07d3798a-d3a9-4020-a206-8711d7c22e6a,100.0
executable_sql,,Generated query was executable.,db_blog,['sqlite'],,"SELECT
T1.post_id,
T1.likes_count
FROM tbl_posts AS T1
INNER JOIN tbl_categories AS T2
ON T1.category_id = T2.category_id
WHERE
T1.user_id = T2.created_by
ORDER BY
T1.likes_count DESC
LIMIT 5;",13,07d3798a-d3a9-4020-a206-8711d7c22e6a,100.0
exact_match,,,db_blog,['sqlite'],,"SELECT
""post_id"",
""report_reason""
FROM ""tbl_reports""
WHERE
""is_resolved"" = 0 AND ""post_id"" IS NOT NULL;",18,07d3798a-d3a9-4020-a206-8711d7c22e6a,100.0
set_match,,,db_blog,['sqlite'],,"SELECT
""post_id"",
""report_reason""
FROM ""tbl_reports""
WHERE
""is_resolved"" = 0 AND ""post_id"" IS NOT NULL;",18,07d3798a-d3a9-4020-a206-8711d7c22e6a,100.0
llmrater,,Skipped. Exact Match was found.,db_blog,['sqlite'],,"SELECT
""post_id"",
""report_reason""
FROM ""tbl_reports""
WHERE
""is_resolved"" = 0 AND ""post_id"" IS NOT NULL;",18,07d3798a-d3a9-4020-a206-8711d7c22e6a,100.0
returned_sql,,,db_blog,['sqlite'],,"SELECT
""post_id"",
""report_reason""
FROM ""tbl_reports""
WHERE
""is_resolved"" = 0 AND ""post_id"" IS NOT NULL;",18,07d3798a-d3a9-4020-a206-8711d7c22e6a,100.0
executable_sql,,Generated query was executable.,db_blog,['sqlite'],,"SELECT
""post_id"",
""report_reason""
FROM ""tbl_reports""
WHERE
""is_resolved"" = 0 AND ""post_id"" IS NOT NULL;",18,07d3798a-d3a9-4020-a206-8711d7c22e6a,100.0
exact_match,,,db_blog,['sqlite'],,SELECT * FROM tbl_attachments WHERE tags_file LIKE '%database%' AND access_permissions = 'read-only',133,07d3798a-d3a9-4020-a206-8711d7c22e6a,0.0
set_match,,,db_blog,['sqlite'],,SELECT * FROM tbl_attachments WHERE tags_file LIKE '%database%' AND access_permissions = 'read-only',133,07d3798a-d3a9-4020-a206-8711d7c22e6a,0.0
exact_match,,,db_blog,['sqlite'],,"SELECT DATE(T1.sending_time), COUNT(*) FROM tbl_private_messages AS T1 INNER JOIN (SELECT conversation_id FROM tbl_private_messages GROUP BY conversation_id HAVING SUM(is_read) = 0 AND MAX(DATE(sending_time)) > MIN(DATE(sending_time))) AS T2 ON T1.conversation_id = T2.conversation_id GROUP BY DATE(T1.sending_time)",300,07d3798a-d3a9-4020-a206-8711d7c22e6a,0.0
set_match,,,db_blog,['sqlite'],,"SELECT DATE(T1.sending_time), COUNT(*) FROM tbl_private_messages AS T1 INNER JOIN (SELECT conversation_id FROM tbl_private_messages GROUP BY conversation_id HAVING SUM(is_read) = 0 AND MAX(DATE(sending_time)) > MIN(DATE(sending_time))) AS T2 ON T1.conversation_id = T2.conversation_id GROUP BY DATE(T1.sending_time)",300,07d3798a-d3a9-4020-a206-8711d7c22e6a,0.0
exact_match,,,db_blog,['sqlite'],,SELECT T1.* FROM tbl_users AS T1 LEFT JOIN tbl_posts AS T2 ON T1.user_id = T2.user_id WHERE T2.post_id IS NULL,9,07d3798a-d3a9-4020-a206-8711d7c22e6a,0.0
set_match,,,db_blog,['sqlite'],,SELECT T1.* FROM tbl_users AS T1 LEFT JOIN tbl_posts AS T2 ON T1.user_id = T2.user_id WHERE T2.post_id IS NULL,9,07d3798a-d3a9-4020-a206-8711d7c22e6a,0.0
exact_match,,,db_blog,['sqlite'],,"SELECT T1.browser, AVG(LENGTH(T2.content)) FROM (SELECT user_id, browser FROM tbl_user_activity GROUP BY user_id HAVING COUNT(DISTINCT browser) = 1) AS T1 INNER JOIN tbl_comments AS T2 ON T1.user_id = T2.user_id GROUP BY T1.browser",301,07d3798a-d3a9-4020-a206-8711d7c22e6a,0.0
set_match,,,db_blog,['sqlite'],,"SELECT T1.browser, AVG(LENGTH(T2.content)) FROM (SELECT user_id, browser FROM tbl_user_activity GROUP BY user_id HAVING COUNT(DISTINCT browser) = 1) AS T1 INNER JOIN tbl_comments AS T2 ON T1.user_id = T2.user_id GROUP BY T1.browser",301,07d3798a-d3a9-4020-a206-8711d7c22e6a,100.0
llmrater,,Skipped. Exact Match was found.,db_blog,['sqlite'],,"SELECT T1.browser, AVG(LENGTH(T2.content)) FROM (SELECT user_id, browser FROM tbl_user_activity GROUP BY user_id HAVING COUNT(DISTINCT browser) = 1) AS T1 INNER JOIN tbl_comments AS T2 ON T1.user_id = T2.user_id GROUP BY T1.browser",301,07d3798a-d3a9-4020-a206-8711d7c22e6a,100.0
returned_sql,,,db_blog,['sqlite'],,"SELECT T1.browser, AVG(LENGTH(T2.content)) FROM (SELECT user_id, browser FROM tbl_user_activity GROUP BY user_id HAVING COUNT(DISTINCT browser) = 1) AS T1 INNER JOIN tbl_comments AS T2 ON T1.user_id = T2.user_id GROUP BY T1.browser",301,07d3798a-d3a9-4020-a206-8711d7c22e6a,100.0
executable_sql,,Generated query was executable.,db_blog,['sqlite'],,"SELECT T1.browser, AVG(LENGTH(T2.content)) FROM (SELECT user_id, browser FROM tbl_user_activity GROUP BY user_id HAVING COUNT(DISTINCT browser) = 1) AS T1 INNER JOIN tbl_comments AS T2 ON T1.user_id = T2.user_id GROUP BY T1.browser",301,07d3798a-d3a9-4020-a206-8711d7c22e6a,100.0
exact_match,,,db_blog,['sqlite'],,SELECT SUM(T1.likes_count) FROM tbl_comments AS T1 INNER JOIN tbl_reports AS T2 ON T1.comment_id = T2.reported_comment_id INNER JOIN tbl_posts AS T3 ON T1.post_id = T3.post_id INNER JOIN tbl_categories AS T4 ON T3.category_id = T4.category_id WHERE T2.is_resolved = 0 AND T4.name = 'Programming' AND T2.user_id IN (SELECT following_id FROM tbl_followers GROUP BY following_id HAVING count(DISTINCT follower_id) > 4),299,07d3798a-d3a9-4020-a206-8711d7c22e6a,0.0
set_match,,,db_blog,['sqlite'],,SELECT SUM(T1.likes_count) FROM tbl_comments AS T1 INNER JOIN tbl_reports AS T2 ON T1.comment_id = T2.reported_comment_id INNER JOIN tbl_posts AS T3 ON T1.post_id = T3.post_id INNER JOIN tbl_categories AS T4 ON T3.category_id = T4.category_id WHERE T2.is_resolved = 0 AND T4.name = 'Programming' AND T2.user_id IN (SELECT following_id FROM tbl_followers GROUP BY following_id HAVING count(DISTINCT follower_id) > 4),299,07d3798a-d3a9-4020-a206-8711d7c22e6a,0.0
llmrater,,"* **1. Analyze the QUESTION:** The user wants to find ""the most active hour of the day"". This implies two pieces of information: the hour itself and the count of activities that makes it the ""most active"".

* **2. Column Mapping:**
* `OUTPUT #1` has a column `active_hour` with the value `'14'`.
* `OUTPUT #2` has a column `STRFTIME('%H', ""activity_timestamp"")` with the value `'14'`. These two columns represent the same information (the hour) and the values match.
* `OUTPUT #1` has a column `activity_count` with the value `2`.
* `OUTPUT #2` has no corresponding column for the activity count.

* **3. Data Comparison:**
* Both outputs correctly identify the most active hour as '14'.
* However, `OUTPUT #2` completely omits the count of activities for that hour. The question asks to identify *which* is the most active hour, and while the generated output provides the hour, it lacks the supporting data (the count) that proves it is the most active. The gold standard provides this count.

* **4. Conclusion:** The generated output is missing an important piece of information requested by the query and present in the gold standard: the count of activities. This makes it impossible to verify *why* hour '14' is the most active based on the generated output alone.

* **Final Answer Determination:** The generated result is missing the activity count, which is a critical column for answering the question fully. This falls under the definition of `MISSING_INFORMATION`.

**FINAL ANSWER:** MISSING_INFORMATION
Error analysis:

**Reasoning:**
The generated query correctly identifies the most active hour by grouping by the hour extracted from `activity_timestamp` and ordering by the count in descending order. However, it fails to include the count of activities (`COUNT(*)`) in the `SELECT` statement. The Golden SQL, on the other hand, selects both the hour and the corresponding count, providing a more complete answer. Because the generated query is missing a column that is present in the Golden SQL's `SELECT` list, it is considered an error.

**Tags & Explanations:**
[ColumnLinkingError]: The generated query failed to select the `COUNT(*)` column in the final result set, which was present in the Golden SQL.",db_blog,['sqlite'],,"SELECT STRFTIME('%H', ""activity_timestamp"") FROM ""tbl_user_activity"" GROUP BY STRFTIME('%H', ""activity_timestamp"") ORDER BY COUNT(*) DESC LIMIT 1",100,07d3798a-d3a9-4020-a206-8711d7c22e6a,0.0
returned_sql,,,db_blog,['sqlite'],,"SELECT STRFTIME('%H', ""activity_timestamp"") FROM ""tbl_user_activity"" GROUP BY STRFTIME('%H', ""activity_timestamp"") ORDER BY COUNT(*) DESC LIMIT 1",100,07d3798a-d3a9-4020-a206-8711d7c22e6a,100.0
executable_sql,,Generated query was executable.,db_blog,['sqlite'],,"SELECT STRFTIME('%H', ""activity_timestamp"") FROM ""tbl_user_activity"" GROUP BY STRFTIME('%H', ""activity_timestamp"") ORDER BY COUNT(*) DESC LIMIT 1",100,07d3798a-d3a9-4020-a206-8711d7c22e6a,100.0
llmrater,,"1. **Analyze the QUESTION**: The question asks for two things:
1.The ""most common reason"" for reporting a post. This implies finding the `report_reason` with the highest count.
2.The ""average time to resolve"" the report for that reason, in minutes.

2.**Analyze OUTPUT #1 (Gold Standard)**:
- It provides a list of `report_reason`s.
- For each reason, it provides a `report_count`. All reasons listed have a count of 2, meaning they are all tied for ""most common"".
- For each reason, it provides the `avg_resolution_time` in minutes. Some are `None`, which is correct if no reports of that type have been resolved yet.
- The columns are `report_reason`, `report_count`, `avg_resolution_time`.
- It includes 5 distinct report reasons.

3.**Analyze OUTPUT #2 (Generated Result)**:
- It provides only a single `report_reason`: 'False information'.
- It provides the average resolution time for that single reason, which is `550.0`.
- It does **not** provide the `report_count`. Without the count, it's impossible to verify *why* this is the ""most common"" reason.
- It is missing the other four reasons ('Abuse', 'Hate speech', 'Inappropriate content', 'Spam') that are also tied for the ""most common"" reason according to the gold standard.

4.**Compare and Evaluate**:
- **Missing Columns**: OUTPUT #2 is missing the `report_count` column, which is essential to answer the ""most common"" part of the question.
- **Missing Rows**: OUTPUT #2 only returns one row, while the gold standard shows that there are five reasons tied for the ""most common"". The generated query has incorrectly filtered the results down to a single, arbitrary row instead of showing all tied results.
- **Conclusion**: The generated output fails to provide most of the information present in the gold standard and required by the question. It is missing both a key column (`report_count`) and several key rows (the other tied ""most common"" reasons).

This is a clear case of missing information.

FINAL ANSWER: MISSING_INFORMATION
Error analysis:

**Reasoning:**
The generated query has three main errors.

1.**Incorrect Handling of Ties:** The query uses `ORDER BY COUNT(*) DESC LIMIT 1` to find the ""most common"" reason. This approach fails when there is a tie for the most common reason, as it will arbitrarily pick only one of the tied results. The Golden SQL correctly uses a `WHERE` clause with a subquery (`WHERE report_count = (SELECT MAX(report_count) ... )`) to return all reasons that share the maximum count. The Golden Result shows there are 5 reasons tied for the most common, but the Generated Result only shows one.

2.**Missing Output Column:** The natural language question implies two pieces of information are needed: the reason and why it's the most common (its count). The Generated SQL fails to output the count of reports for the reason, making the result incomplete. The Golden SQL correctly returns both the `report_reason` and the `report_count`.

3.**Incorrect Filtering Logic:** The Generated SQL applies a `WHERE ""is_resolved"" = 1` filter before grouping and counting. This means it only counts resolved reports when determining which reason is most common. The Golden SQL counts all reports (resolved and unresolved) to find the most common reason, and then calculates the average resolution time based on the resolved ones within that group (since `AVG` ignores nulls). This difference in logic could lead to identifying the wrong reason as ""most common"" if the actual most common reason has many unresolved reports.

**Tags & Explanations:**
[InstructionError]: The use of `LIMIT 1` incorrectly restricts the output to a single row, failing to return all results in the case of a tie for the ""most common"" reason.
[IntentError]: The query fails to output the count for each reason, which is a crucial part of answering a question about the ""most common"" item.
[FilterError]: The query includes a `WHERE ""is_resolved"" = 1` clause which alters the logic for finding the most common reason by excluding unresolved reports from the count, differing from the golden query's logic.",db_blog,['sqlite'],,"SELECT ""report_reason"", CAST(AVG(strftime('%s', ""resolution_timestamp"") - strftime('%s', ""report_timestamp"")) AS REAL) / 60 FROM ""tbl_reports"" WHERE ""is_resolved"" = 1 GROUP BY ""report_reason"" ORDER BY COUNT(*) DESC LIMIT 1",19,07d3798a-d3a9-4020-a206-8711d7c22e6a,0.0
returned_sql,,,db_blog,['sqlite'],,"SELECT ""report_reason"", CAST(AVG(strftime('%s', ""resolution_timestamp"") - strftime('%s', ""report_timestamp"")) AS REAL) / 60 FROM ""tbl_reports"" WHERE ""is_resolved"" = 1 GROUP BY ""report_reason"" ORDER BY COUNT(*) DESC LIMIT 1",19,07d3798a-d3a9-4020-a206-8711d7c22e6a,100.0
executable_sql,,Generated query was executable.,db_blog,['sqlite'],,"SELECT ""report_reason"", CAST(AVG(strftime('%s', ""resolution_timestamp"") - strftime('%s', ""report_timestamp"")) AS REAL) / 60 FROM ""tbl_reports"" WHERE ""is_resolved"" = 1 GROUP BY ""report_reason"" ORDER BY COUNT(*) DESC LIMIT 1",19,07d3798a-d3a9-4020-a206-8711d7c22e6a,100.0
llmrater,,"1. **Analyze the QUESTION:**
The question is: ""What is the number of comments per post for each user?"". This is slightly ambiguous. It could mean:
 a) For each user who owns a post, list their posts and the total number of comments on each post.
 b) For each user who has commented, show how many comments they made on each post.

2. **Analyze OUTPUT #1 (Gold Standard):**
 - `[{'user_id': 1, 'post_id': 1, 'comment_count': 5}, {'user_id': 2, 'post_id': 2, 'comment_count': 5}, ...]`
 - This output shows `user_id`, `post_id`, and `comment_count`.
 - Crucially, it includes rows where `comment_count` is 0 (e.g., `{'user_id': 1, 'post_id': 3, 'comment_count': 0}`). This implies that the query started with posts and their owners (`user_id` from `tbl_posts`) and then counted the comments. This matches interpretation (a). For a given post (e.g., post_id 1, owned by user_id 1), it has a total of 5 comments.

3. **Analyze OUTPUT #2 (Generated Result):**
 - `[{'user_id': 1, 'post_id': 1, 'COUNT(""comment_id"")': 1}, {'user_id': 1, 'post_id': 2, 'COUNT(""comment_id"")': 2}, {'user_id': 2, 'post_id': 1, 'COUNT(""comment_id"")': 2}, ...]`
 - This output also shows `user_id`, `post_id`, and a count.
 - However, for the same `post_id` (e.g., `post_id: 1`), there are multiple rows with different `user_id`s (`user_id: 1`, `user_id: 2`, `user_id: 3`).
 - This output is counting how many comments a specific user made on a specific post. For `post_id: 1`, user 1 made 1 comment, user 2 made 2 comments, and user 3 made 2 comments. This matches interpretation (b).

4. **Compare the two outputs:**
 - The two outputs answer different questions based on the two possible interpretations.
 - OUTPUT #1 shows the **total** comments on a post, grouped by the **post's owner**.
 - OUTPUT #2 shows a **breakdown** of comments on a post, grouped by the **commenter**.
 - The information is fundamentally different. For `post_id` 1, OUTPUT #1 says the answer is 5. OUTPUT #2 does not have a single row that provides this information; it provides the components that would sum to 5 (1+2+2).
 - Furthermore, OUTPUT #2 is missing all the posts that have zero comments, which are present and required by the gold standard (OUTPUT #1).

**Conclusion:**
OUTPUT #2 provides a different aggregation and misses rows that are present in OUTPUT #1 (the posts with zero comments). The core information requested (as defined by the gold standard) is not present. The generated query misinterpreted the question and produced a logically different, and therefore incorrect, result.

FINAL ANSWER: INCORRECT_INFORMATION
Error analysis:

**Reasoning:**
The generated query fundamentally misunderstands the user's intent. The request is to find the number of comments on each post, grouped by the user who *authored* the post. The generated query, however, only queries the `tbl_comments` table. It groups by the `user_id` (the commenter) and the `post_id`. This results in a count of how many comments a specific user made on a specific post, which is a different question.

The correct approach requires joining multiple tables:
1.`tbl_users` must be joined with `tbl_posts` on `user_id` to associate users with the posts they created.
2.The result must then be `LEFT JOIN`-ed with `tbl_comments` on `post_id`. The `LEFT JOIN` is critical to ensure that posts with zero comments are included in the result, which the generated query fails to do.

By only using `tbl_comments`, the generated query cannot identify the post's author and cannot list posts that have no comments.

**Tags & Explanations:**
<[IntentError]>: The query misinterprets the request, counting comments made *by* a user on a post, instead of counting all comments *on* a post authored by that user.
<[LogicError]>: The query fails to join `tbl_users` and `tbl_posts` to establish the correct relationship between a post's author and the post itself, which is essential to fulfill the request.",db_blog,['sqlite'],,"SELECT ""user_id"", ""post_id"", COUNT(""comment_id"") FROM ""tbl_comments"" GROUP BY ""user_id"", ""post_id""",5,07d3798a-d3a9-4020-a206-8711d7c22e6a,0.0
returned_sql,,,db_blog,['sqlite'],,"SELECT ""user_id"", ""post_id"", COUNT(""comment_id"") FROM ""tbl_comments"" GROUP BY ""user_id"", ""post_id""",5,07d3798a-d3a9-4020-a206-8711d7c22e6a,100.0
executable_sql,,Generated query was executable.,db_blog,['sqlite'],,"SELECT ""user_id"", ""post_id"", COUNT(""comment_id"") FROM ""tbl_comments"" GROUP BY ""user_id"", ""post_id""",5,07d3798a-d3a9-4020-a206-8711d7c22e6a,100.0
llmrater,,"1. **Analyze the QUESTION:** The user wants to find posts that are associated with two specific tags: 'programming' and 'database'.

2. **Analyze the Gold Standard (OUTPUT #1):** The gold standard output is a single record for a post titled 'Introduction to SQL' with `post_id` 1. The `tags` column for this post is a string '[""database"", ""sql"", ""programming""]', which confirms that this post has both of the required tags.

3. **Analyze the Generated Result (OUTPUT #2):** The generated result is an empty list `[]`.

4. **Compare and Evaluate:**
 - The question asks for posts that have both tags.
 - The gold standard shows that at least one such post exists in the database.
 - The generated query returned no results.
 - This means the generated query failed to identify the post that meets the criteria. It is missing the expected row from the result set. This is not a matter of formatting, extra columns, or ambiguous limits; it is a fundamental failure to retrieve the correct data.

**Conclusion:** The generated query produced an incorrect result by failing to find the post that satisfies the conditions of the question. It is missing an expected row.

**FINAL ANSWER:** INCORRECT_INFORMATION
Error analysis:

**Reasoning:**
The user wants to find posts that are tagged with both 'programming' and 'database'.

The Golden SQL correctly identifies that the tag information is stored in the `tags` column of the `tbl_posts` table as a JSON array. It uses the `json_each` function to parse this column and find the relevant posts. (Note: The Golden SQL's logic `... IN ('programming', 'database')` actually checks for posts with *either* tag, not necessarily *both*, which is a flaw in the Golden SQL's interpretation of the prompt. However, for evaluation purposes, we treat the Golden SQL and its result as the target.)

The Generated SQL attempts to solve the problem by assuming a normalized database structure where tags are stored in `tbl_tags` and linked to posts via the `tbl_posts_tags` table. The logic it uses (`GROUP BY post_id` and `HAVING COUNT(tag_id) = 2`) is the standard and correct way to find entities associated with *all* specified items in a many-to-many relationship.

The reason the Generated SQL fails and produces an empty result is that it queries the wrong entities. The data required to answer the question is not in the `tbl_posts_tags` and `tbl_tags` tables; it is located within the `tags` column of the `tbl_posts` table itself, as demonstrated by the working Golden SQL. The Generated SQL made an incorrect assumption about where the tag data is stored.

**Tags & Explanations:**
[EntityError]: The query incorrectly uses the `tbl_posts_tags` and `tbl_tags` tables for tag information, instead of using the `tags` column in the `tbl_posts` table which contains the data.",db_blog,['sqlite'],,"SELECT
T1.title
FROM tbl_posts AS T1
INNER JOIN tbl_posts_tags AS T2
ON T1.post_id = T2.post_id
INNER JOIN tbl_tags AS T3
ON T2.tag_id = T3.tag_id
WHERE
T3.name IN ('programming', 'database')
GROUP BY
T1.post_id
HAVING
COUNT(T3.tag_id) = 2;",180,07d3798a-d3a9-4020-a206-8711d7c22e6a,0.0
returned_sql,,,db_blog,['sqlite'],,"SELECT
T1.title
FROM tbl_posts AS T1
INNER JOIN tbl_posts_tags AS T2
ON T1.post_id = T2.post_id
INNER JOIN tbl_tags AS T3
ON T2.tag_id = T3.tag_id
WHERE
T3.name IN ('programming', 'database')
GROUP BY
T1.post_id
HAVING
COUNT(T3.tag_id) = 2;",180,07d3798a-d3a9-4020-a206-8711d7c22e6a,100.0
executable_sql,,Generated query was executable.,db_blog,['sqlite'],,"SELECT
T1.title
FROM tbl_posts AS T1
INNER JOIN tbl_posts_tags AS T2
ON T1.post_id = T2.post_id
INNER JOIN tbl_tags AS T3
ON T2.tag_id = T3.tag_id
WHERE
T3.name IN ('programming', 'database')
GROUP BY
T1.post_id
HAVING
COUNT(T3.tag_id) = 2;",180,07d3798a-d3a9-4020-a206-8711d7c22e6a,100.0
llmrater,,"1. **Analyze the QUESTION**: The user wants to find the ""average number of posts per day and per category"". This requires calculating, for each category, the total number of posts and dividing it by the number of distinct days on which posts were made in that category. The output should include the category name.

2. **Column Mapping**:
 - OUTPUT #1 has columns `created_at`, `name`, `average_posts`.
 - OUTPUT #2 has columns `name` and a calculated column for the average.
 - The `name` column in both outputs corresponds to the category name.
 - The `average_posts` in OUTPUT #1 and the calculated column in OUTPUT #2 both represent the average number of posts.
 - OUTPUT #1 includes a `created_at` column, which suggests a grouping by day and category, whereas OUTPUT #2 groups only by category. This is a structural difference in how the ""average per day"" was interpreted.

3. **Data Comparison**: Let's analyze the data for a few categories to spot discrepancies. The core of the question is ""average... per category"". OUTPUT #2 calculates this directly. OUTPUT #1 provides daily data which can be used to infer this overall average.

 - **Category: 'Marketing'**
 - OUTPUT #1 shows: `{'created_at': '2024-02-25', 'name': 'Marketing', 'average_posts': 1.0}`. This implies that on 2024-02-25, there was 1 post in the 'Marketing' category. Assuming this is the only day with a marketing post, the overall average for the 'Marketing' category would be (1 total post) / (1 distinct day) = 1.0.
 - OUTPUT #2 shows: For 'Marketing', the average is `2.0`.
 - This is a direct contradiction. The calculated average in OUTPUT #2 (2.0) is different from the average we can deduce from the gold standard data in OUTPUT #1 (1.0).

 - **Category: 'Health'**
 - OUTPUT #1 shows: `{'created_at': '2024-02-26', 'name': 'Health', 'average_posts': 1.0}`. This implies an overall average of 1.0 for the 'Health' category.
 - OUTPUT #2 shows: For 'Health', the average is `2.0`.
 - This is also a contradiction.

 - **Category: 'Art'**
 - OUTPUT #1 shows: `{'created_at': '2024-02-26', 'name': 'Art', 'average_posts': 1.0}`. This implies an overall average of 1.0 for the 'Art' category.
 - OUTPUT #2 shows: For 'Art', the average is `1.0`.
 - This one matches.

4. **Conclusion**: Since the calculated average values for several categories (Marketing, Health, Technology, Programming) in OUTPUT #2 are mathematically different from the values implied by the gold standard data in OUTPUT #1, the generated result is incorrect. The query likely has an issue with its joins or aggregations that is causing it to double-count posts for certain categories, leading to an incorrect average.

FINAL ANSWER: INCORRECT_INFORMATION
Error analysis:

**Reasoning:**
The user requested the ""average number of posts per day and per category"". This implies a breakdown for each day and each category.

The Golden SQL correctly interprets this by first calculating the count of posts for each category on each specific day (`GROUP BY DATE(created_at), category_id`) in a subquery. Then, it presents this daily count for each category. The `AVG` in the outer query is slightly redundant but doesn't change the result, as it's averaging a single value for each group. The key is that it groups by both the date and the category name, providing the requested daily breakdown.

The Generated SQL, however, calculates a different metric. It groups only by the category name. The calculation `COUNT(post_id) / COUNT(DISTINCT SUBSTR(created_at, 1, 10))` finds the average number of posts per active day for each category over the entire dataset. It does not provide the day-by-day breakdown as requested. It fails to group by the date and does not include the date in the output, fundamentally misinterpreting the user's request for a daily report.

**Tags & Explanations:**
[IntentError]: The query misinterpreted the prompt by calculating an overall average for each category instead of providing a daily breakdown of post counts per category.
[CountingError]: The aggregation logic is incorrect; it calculates a single average value per category, whereas the goal was to count posts for each day and category combination.
[ColumnLinkingError]: The query fails to select and group by the creation date (`created_at`), which is essential for providing the ""per day"" breakdown requested in the prompt.",db_blog,['sqlite'],,"SELECT
T2.""name"",
CAST(COUNT(T1.""post_id"") AS REAL) / COUNT(DISTINCT SUBSTR(T1.""created_at"", 1, 10))
FROM tbl_posts AS T1
INNER JOIN tbl_categories AS T2
ON T1.""category_id"" = T2.""category_id""
GROUP BY
T2.""name"";",23,07d3798a-d3a9-4020-a206-8711d7c22e6a,0.0
returned_sql,,,db_blog,['sqlite'],,"SELECT
T2.""name"",
CAST(COUNT(T1.""post_id"") AS REAL) / COUNT(DISTINCT SUBSTR(T1.""created_at"", 1, 10))
FROM tbl_posts AS T1
INNER JOIN tbl_categories AS T2
ON T1.""category_id"" = T2.""category_id""
GROUP BY
T2.""name"";",23,07d3798a-d3a9-4020-a206-8711d7c22e6a,100.0
executable_sql,,Generated query was executable.,db_blog,['sqlite'],,"SELECT
T2.""name"",
CAST(COUNT(T1.""post_id"") AS REAL) / COUNT(DISTINCT SUBSTR(T1.""created_at"", 1, 10))
FROM tbl_posts AS T1
INNER JOIN tbl_categories AS T2
ON T1.""category_id"" = T2.""category_id""
GROUP BY
T2.""name"";",23,07d3798a-d3a9-4020-a206-8711d7c22e6a,100.0
llmrater,,"1. **Analyze the QUESTION**: The question asks to ""find all the users who have not made any posts"". It doesn't specify which columns to return for the users, nor does it specify any sorting or limiting.

2. **Column Mapping**:
 - OUTPUT #1 (Gold Standard) provides one column: `user_id`.
 - OUTPUT #2 (Generated Result) provides the `user_id` column and many other descriptive columns from the `tbl_users` table (`first_name`, `last_name`, `username`, etc.).
 - The key information, the `user_id`, is present in both outputs.

3. **Data Comparison**:
 - The `user_id` values in OUTPUT #1 are: 3, 4, 5, 6, 7, 8, 9, 10.
 - The `user_id` values in OUTPUT #2 are: 3, 4, 5, 6, 7, 8, 9, 10.
 - The set of users identified in both outputs is identical. Both correctly identify 8 users who have not made any posts.

4. **Row Order**: The question does not specify an order, so the difference in row order (or lack thereof) is not relevant.

5. **Extra Rows**: Both outputs have the same number of rows (8). There are no extra or missing rows.

6. **Extra Columns**: OUTPUT #2 contains many more columns than OUTPUT #1. The question asks to ""find the users"", which can be interpreted as either just their IDs or their full profiles. Returning the full profile (as in OUTPUT #2) is a valid and often more informative answer. The additional columns are relevant to the users found and do not make the result incorrect. They are non-harmful extra information.

**Conclusion**: OUTPUT #2 correctly identifies the same set of users as OUTPUT #1. The difference is that it provides additional descriptive columns for these users, which is acceptable and falls under the ""EXTRA_INFORMATION"" category according to the evaluation rules.

FINAL ANSWER: EXTRA_INFORMATION",db_blog,['sqlite'],,SELECT T1.* FROM tbl_users AS T1 LEFT JOIN tbl_posts AS T2 ON T1.user_id = T2.user_id WHERE T2.post_id IS NULL,9,07d3798a-d3a9-4020-a206-8711d7c22e6a,100.0
returned_sql,,,db_blog,['sqlite'],,SELECT T1.* FROM tbl_users AS T1 LEFT JOIN tbl_posts AS T2 ON T1.user_id = T2.user_id WHERE T2.post_id IS NULL,9,07d3798a-d3a9-4020-a206-8711d7c22e6a,100.0
executable_sql,,Generated query was executable.,db_blog,['sqlite'],,SELECT T1.* FROM tbl_users AS T1 LEFT JOIN tbl_posts AS T2 ON T1.user_id = T2.user_id WHERE T2.post_id IS NULL,9,07d3798a-d3a9-4020-a206-8711d7c22e6a,100.0
llmrater,,"* **1. Analyze the QUESTION:** The user wants to know the ""Number of messages per day for conversations that span multiple days and have no read messages."" The key components of the request are:
* Filter for conversations that span multiple days.
* Filter for conversations where no messages have been read (`is_read = 0`).
* Group the results by conversation and by day.
* Count the number of messages for each group.
* The output should show the count per day for each relevant conversation.

* **2. Column Mapping:**
* **OUTPUT #1 Column `conversation_id`**: This column identifies the conversation. It is missing from OUTPUT #2.
* **OUTPUT #1 Column `DATE(pm.sending_time)`**: This column represents the date. It maps to the `DATE(T1.sending_time)` column in OUTPUT #2.
* **OUTPUT #1 Column `COUNT(*)`**: This column is the count of messages. It maps to the `COUNT(*)` column in OUTPUT #2.

* **3. Data Comparison:**
* The dates ('2024-02-27', '2024-02-28') are the same in both outputs.
* The counts (2, 2) are the same in both outputs.

* **4. Evaluation:**
The question asks for a breakdown ""for conversations"". This implies that identifying the conversation is a key part of the answer. OUTPUT #1 correctly includes the `conversation_id`, which allows us to see that both daily counts belong to conversation `2`. OUTPUT #2 provides the correct daily counts but omits the `conversation_id`. Without this identifier, the context is lost; we can't tell which conversation these counts belong to. If there were multiple conversations that met the criteria, the results in OUTPUT #2 would be ambiguous or potentially incorrect if it aggregated data from different conversations on the same day. Therefore, a crucial piece of information—the conversation identifier—is missing.

* **5. FINAL ANSWER Rationale:** The generated output is missing the `conversation_id` column, which is an essential piece of information for understanding the results as requested by the prompt (""...for conversations..."").

FINAL ANSWER: MISSING_INFORMATION
Error analysis:

**Reasoning:**
The user wants to find the number of messages per day for each conversation that meets two conditions: 1) it has no read messages, and 2) it spans multiple days.

The Generated SQL correctly identifies the conversations that meet these criteria in its subquery. However, the final aggregation is incorrect. The Golden SQL groups by both `conversation_id` and the date (`GROUP BY pm.conversation_id, DATE(pm.sending_time)`) and includes `conversation_id` in the `SELECT` clause. This correctly provides a count of messages per day *for each individual conversation*.

The Generated SQL, in contrast, only groups by the date (`GROUP BY DATE(T1.sending_time)`). This causes it to aggregate messages from *all* qualifying conversations into a single count for each day, losing the per-conversation breakdown. While the results happen to be the same in this specific test case (likely because only one conversation matched the criteria), the query is fundamentally incorrect and would produce wrong results if multiple conversations met the criteria. It fails to answer the ""for conversations"" (plural, implying a breakdown) part of the prompt.

**Tags & Explanations:**
1. [CountingError]: The query incorrectly aggregates message counts across all qualifying conversations for a given day, instead of providing a count per day for each individual conversation. This is due to the omission of `conversation_id` from the `GROUP BY` clause.
2. [ColumnLinkingError]: The query fails to select the `conversation_id` column, which is essential to provide the per-conversation breakdown requested by the prompt.",db_blog,['sqlite'],,"SELECT DATE(T1.sending_time), COUNT(*) FROM tbl_private_messages AS T1 INNER JOIN (SELECT conversation_id FROM tbl_private_messages GROUP BY conversation_id HAVING SUM(is_read) = 0 AND MAX(DATE(sending_time)) > MIN(DATE(sending_time))) AS T2 ON T1.conversation_id = T2.conversation_id GROUP BY DATE(T1.sending_time)",300,07d3798a-d3a9-4020-a206-8711d7c22e6a,0.0
returned_sql,,,db_blog,['sqlite'],,"SELECT DATE(T1.sending_time), COUNT(*) FROM tbl_private_messages AS T1 INNER JOIN (SELECT conversation_id FROM tbl_private_messages GROUP BY conversation_id HAVING SUM(is_read) = 0 AND MAX(DATE(sending_time)) > MIN(DATE(sending_time))) AS T2 ON T1.conversation_id = T2.conversation_id GROUP BY DATE(T1.sending_time)",300,07d3798a-d3a9-4020-a206-8711d7c22e6a,100.0
executable_sql,,Generated query was executable.,db_blog,['sqlite'],,"SELECT DATE(T1.sending_time), COUNT(*) FROM tbl_private_messages AS T1 INNER JOIN (SELECT conversation_id FROM tbl_private_messages GROUP BY conversation_id HAVING SUM(is_read) = 0 AND MAX(DATE(sending_time)) > MIN(DATE(sending_time))) AS T2 ON T1.conversation_id = T2.conversation_id GROUP BY DATE(T1.sending_time)",300,07d3798a-d3a9-4020-a206-8711d7c22e6a,100.0
llmrater,,"1. **Analyze the QUESTION:** The user wants to identify attachments. The specific criteria are:
- The attachment must be tagged as 'database'.
- The attachment must have 'read-only' access.

2. **Examine the Gold Standard (OUTPUT #1):**
 - This output is a single row representing one attachment.
 - Let's check if it meets the criteria from the question.
 - The `tags_file` column has the value `'[""database"", ""attachment""]'`. This string contains the tag 'database'.
 - The `access_permissions` column has the value `'{""read_only"": true}'`. This string indicates read-only access.
 - Therefore, this row is the correct and expected answer.

3. **Examine the Generated Result (OUTPUT #2):**
 - The output is an empty list `[]`.
 - This means the query that produced this result found zero attachments matching the criteria.

4. **Compare Outputs:**
 - OUTPUT #1 contains one row, which is the correct answer.
 - OUTPUT #2 contains zero rows.
 - The generated query failed to find the attachment that exists in the database and meets the specified conditions. It is missing the expected row.

5. **Conclusion:**
 - The generated result (OUTPUT #2) is incorrect because it is missing the data that should have been returned. The query failed to retrieve the expected record. This constitutes incorrect information, specifically by failing to include expected rows.

FINAL ANSWER: INCORRECT_INFORMATION
Error analysis:

**Reasoning:**
The Golden SQL correctly identifies that the `tags_file` and `access_permissions` columns contain JSON data stored as text. It uses the `json_extract` function to properly parse this data. Specifically, it checks if an element in the `tags_file` JSON array is 'database' and if the `read_only` key within the `access_permissions` JSON object is `true`.

The Generated SQL, in contrast, treats these columns as simple strings, which is incorrect.
1.For the `tags_file` column, it uses `LIKE '%database%'`. While this might coincidentally find the correct row in this specific case, it's an imprecise method that doesn't respect the structure of the data (a list of tags) and could lead to false positives (e.g., matching a tag named 'mydatabase').
2.For the `access_permissions` column, it attempts to compare the entire column to the string literal `'read-only'`. This is fundamentally wrong because the column contains a JSON string like `'{""read_only"": true}'`. This condition will never be met, causing the query to fail and return no results.

The core issue is the failure to handle the JSON data type and construct the correct filtering logic based on the data's structure.

**Tags & Explanations:**
[DataTypesError]: The query fails to handle the JSON data stored as text in the `tags_file` and `access_permissions` columns, treating them as simple strings instead of parsing them.
[FilterError]: The condition `access_permissions = 'read-only'` is logically incorrect for filtering the data, as it requires parsing a JSON object and checking a key's value, not a simple string comparison.",db_blog,['sqlite'],,SELECT * FROM tbl_attachments WHERE tags_file LIKE '%database%' AND access_permissions = 'read-only',133,07d3798a-d3a9-4020-a206-8711d7c22e6a,0.0
returned_sql,,,db_blog,['sqlite'],,SELECT * FROM tbl_attachments WHERE tags_file LIKE '%database%' AND access_permissions = 'read-only',133,07d3798a-d3a9-4020-a206-8711d7c22e6a,100.0
executable_sql,,Generated query was executable.,db_blog,['sqlite'],,SELECT * FROM tbl_attachments WHERE tags_file LIKE '%database%' AND access_permissions = 'read-only',133,07d3798a-d3a9-4020-a206-8711d7c22e6a,100.0
llmrater,,"1.**Analyze the QUESTION:**
The user wants to find a single aggregated value: the ""Total number of likes on comments"". The question specifies several filtering conditions:
* The comments must be on ""programming posts"".
* The comments must have been reported.
* The report must be ""not resolved yet"".
* The report must have been made by a ""popular user"".
* A ""popular user"" is defined as a user with ""more than 4 unique followers"".

2.**Column Mapping:**
* OUTPUT #1 (Gold Standard): `{'SUM(likes_count)': 35}`. It provides one column representing the sum of likes.
* OUTPUT #2 (Generated Result): `{'SUM(T1.likes_count)': 9}`. It also provides one column representing the sum of likes.
The column names are different (`SUM(likes_count)` vs. `SUM(T1.likes_count)`), but this is an acceptable difference as they both clearly represent the same aggregated value (a sum of likes).

3.**Data Comparison:**
* The value in OUTPUT #1 is `35`.
* The value in OUTPUT #2 is `9`.
* The core data values are different (`35` vs. `9`).

4.**Evaluation:**
The question asks for a single, specific numerical result. The generated query's result (`9`) does not match the correct result from the gold standard (`35`). This is not a difference in formatting, ordering, or precision. It is a mathematically incorrect answer, likely resulting from a flaw in the generated query's logic (e.g., incorrect joins, faulty `WHERE` clause conditions, or misinterpretation of the ""popular user"" or ""programming post"" criteria). Therefore, the information provided by OUTPUT #2 is incorrect.

FINAL ANSWER: INCORRECT_INFORMATION
Error analysis:

**Reasoning:**
The Generated SQL incorrectly identifies ""programming posts"". The prompt defines these as posts with the *tag* 'Programming'. The Generated SQL, however, attempts to identify them by joining `tbl_posts` to `tbl_categories` and filtering for a *category* named 'Programming'.

The Golden SQL correctly implements the logic by joining `tbl_posts_tags` with `tbl_tags` and filtering where the tag name is 'Programming'. This difference in how the set of relevant posts is determined is the root cause of the incorrect final result. The other conditions (unresolved reports, popular users) are implemented correctly in the Generated SQL.

**Tags & Explanations:**
[EntityError]: The query incorrectly uses `tbl_categories` to identify 'Programming' posts instead of the correct tables `tbl_tags` and `tbl_posts_tags`.
[IntentError]: The query misinterprets the definition of a ""programming post"", which the prompt specifies is based on tags, not categories.",db_blog,['sqlite'],,SELECT SUM(T1.likes_count) FROM tbl_comments AS T1 INNER JOIN tbl_reports AS T2 ON T1.comment_id = T2.reported_comment_id INNER JOIN tbl_posts AS T3 ON T1.post_id = T3.post_id INNER JOIN tbl_categories AS T4 ON T3.category_id = T4.category_id WHERE T2.is_resolved = 0 AND T4.name = 'Programming' AND T2.user_id IN (SELECT following_id FROM tbl_followers GROUP BY following_id HAVING count(DISTINCT follower_id) > 4),299,07d3798a-d3a9-4020-a206-8711d7c22e6a,0.0
returned_sql,,,db_blog,['sqlite'],,SELECT SUM(T1.likes_count) FROM tbl_comments AS T1 INNER JOIN tbl_reports AS T2 ON T1.comment_id = T2.reported_comment_id INNER JOIN tbl_posts AS T3 ON T1.post_id = T3.post_id INNER JOIN tbl_categories AS T4 ON T3.category_id = T4.category_id WHERE T2.is_resolved = 0 AND T4.name = 'Programming' AND T2.user_id IN (SELECT following_id FROM tbl_followers GROUP BY following_id HAVING count(DISTINCT follower_id) > 4),299,07d3798a-d3a9-4020-a206-8711d7c22e6a,100.0
executable_sql,,Generated query was executable.,db_blog,['sqlite'],,SELECT SUM(T1.likes_count) FROM tbl_comments AS T1 INNER JOIN tbl_reports AS T2 ON T1.comment_id = T2.reported_comment_id INNER JOIN tbl_posts AS T3 ON T1.post_id = T3.post_id INNER JOIN tbl_categories AS T4 ON T3.category_id = T4.category_id WHERE T2.is_resolved = 0 AND T4.name = 'Programming' AND T2.user_id IN (SELECT following_id FROM tbl_followers GROUP BY following_id HAVING count(DISTINCT follower_id) > 4),299,07d3798a-d3a9-4020-a206-8711d7c22e6a,100.0
